#PROV;ENGLISH;FRENCH;GERMAN;SPANISH;ITALIAN;;x
PROV1;Pelennor;Pelennor;;;Pelennor;;x
PROV2;Azanulbizar;Azanulbizar;;;Azanulbizar;;x
PROV3;Amon Anwar;Amon Anwar;;;Amon Anwar;;x
PROV4;Sindbar;Sindbar;;;Sindbar;;x
PROV5;Dunmardo;Dunmardo;;;Dunmardo;;x
PROV6;Caranthan;Caranthan;;;Caranthan;;x
PROV7;Elena;Elena;;;Elena;;x
PROV8;Cair Andros;Cair Andros;;;Cair Andros;;x
PROV9;Herenyand;Herenyand;;;Herenyand;;x
PROV10;Celerdain;Celerdain;;;Celerdain;;x
PROV11;Beleganor;Beleganor;;;Beleganor;;x
PROV12;Telumendil;Telumendil;;;Telumendil;;x
PROV13;Haldarie;Haldarie;;;Haldarie;;x
PROV14;Imloth Melui;Imloth Melui;;;Imloth Melui;;x
PROV15;Arthor;Arthor;;;Arthor;;x
PROV16;Landor;Landor;;;Landor;;x
PROV17;Minas Arnach;Minas Arnach;;;Minas Arnach;;x
PROV18;Pelargir;Pelargir;;;Pelargir;;x
PROV19;Imduin;Imduin;;;Imduin;;x
PROV20;Caragost;Caragost;;;Caragost;;x
PROV21;Enedhîr;Enedhîr;;;Enedhîr;;x
PROV22;Brethil;Brethil;;;Brethil;;x
PROV23;Calimir;Calimir;;;Calimir;;x
PROV24;Balimur;Balimur;;;Balimur;;x
PROV25;Arnbad;Arnbad;;;Arnbad;;x
PROV26;Linhir;Linhir;;;Linhir;;x
PROV27;Lindon;Lindon;;;Lindon;;x
PROV28;Daldor;Daldor;;;Daldor;;x
PROV29;Lanthiriath;Lanthiriath;;;Lanthiriath;;x
PROV30;Bar Tumladen;Bar Tumladen;;;Bar Tumladen;;x
PROV31;Bar Lymen;Bar Tumladen;;;Bar Lymen;;x
PROV32;Bar Gilraen;Bar Lymen;;;Bar Gilraen;;x
PROV33;Lanrain;Bar Gilraen;;;Lanrain;;x
PROV34;Naur Amrûn;Naur Amrûn;;;Naur Amrûn;;x
PROV35;Anghabar;Anghabar;;;Anghabar;;x
PROV36;Eregost;Eregost;;;Eregost;;x
PROV37;Methrast;Methrast;;;Methrast;;x
PROV38;Bar Tyliand;Bar Tyliand;;;Bar Tyliand;;x
PROV39;Nargond;Nargond;;;Nargond;;x
PROV40;Bar Algund;Bar Algund;;;Bar Algund;;x
PROV41;Rohallor;Rohallor;;;Rohallor;;x
PROV42;Edhelion;Edhelion;;;Edhelion;;x
PROV43;Andram;Andram;;;Andram;;x
PROV44;Dudhrandir;Dudhrandir;;;Dudhrandir;;x
PROV45;Maldred;Maldred;;;Maldred;;x
PROV46;Arandal;Arandal;;;Arandal;;x
PROV47;Drinbar;Drinbar;;;Drinbar;;x
PROV48;Finnarphen;Finnarphen;;;Finnarphen;;x
PROV49;Asgaril;Asgaril;;;Asgaril;;x
PROV50;Coruvegil;Coruvegil;;;Coruvegil;;x
PROV51;Henneth Annûn;Henneth Annûn;;;Henneth Annûn;;x
PROV52;Wilwarin;Wilwarin;;;Wilwarin;;x
PROV53;Curedain;Curedain;;;Curedain;;x
PROV54;Othnir;Othnir;;;Othnir;;x
PROV55;Usuluni;Usuluni;;;Usuluni;;x
PROV56;Elemir;Elemir;;;Elemir;;x
PROV57;Rian;Rian;;;Rian;;x
PROV58;Glorel;Glorel;;;Glorel;;x
PROV59;Telengaur;Telengaur;;;Telengaur;;x
PROV60;Alagdor;Alagdor;;;Alagdor;;x
PROV61;Tiridor;Tiridor;;;Tiridor;;x
PROV62;Athrad Poros;Athrad Poros;;;Athrad Poros;;x
PROV63;Tir Ethraid;Tir Ethraid;;;Tir Ethraid;;x
PROV64;Morgevil;Morgevil;;;Morgevil;;x
PROV65;Derndingle;Derndingle;;;Derndingle;;x
PROV66;Tarmasundar;Tarmasundar;;;Tarmasundar;;x
PROV67;Gilros;Gilros;;;Gilros;;x
PROV68;Astirian;Astirian;;;Astirian;;x
PROV69;Harnastin;Harnastin;;;Harnastin;;x
PROV70;Araglas;Araglas;;;Araglas;;x
PROV71;Fangorn;Fangorn;;;Fangorn;;x
PROV72;Udûn ;Udûn ;;;Udûn ;;x
PROV73;Overbourn Marshes;Marches d'Overbourn;;;Transpaludi;;x
PROV74;The Marish;La Maresque;;;La Palude;;x
PROV75;Frogmorton;La Grenouillère;;;Chianarana;;x
PROV76;Bridge Fields;Champs du Pont;;;Campoponte;;x
PROV77;Hills of Scary;Collines de Scary;;;Colli di Scary;;x
PROV78;Oatbarton;Oatbarton;;;Fondoquercia;;x
PROV79;Iach Sarn;Iach Sarn;;;Iach Sarn;;x
PROV80;Cor Wilishar;Cor Wilishar;;;Cor Wilishar;;x
PROV81;Sackville;Sackville;;;Sackville;;x
PROV82;Hardbottle;Hardbottle;;;Pietracasa;;x
PROV83;Longbottom;Longoulet;;;Pianilungone;;x
PROV84;Hobbiton;Hobbitebourg;;;Hobbiville;;x
PROV85;Bywater;Lezeau;;;Lungacque;;x
PROV86;Waymeet;Carrefour;;;Quadrivio;;x
PROV87;Little Delving;Courtecave;;;Piccola Forata;;x
PROV88;Gamwich;Gamwich;;;Gamwich;;x
PROV89;Overhill;Par-delà la Colline;;;Surcolle;;x
PROV90;Greenfields;Champs-Verts;;;Terreverdi;;x
PROV91;Needlehole;Trou-de-l'Aiguille;;;Forodago;;x
PROV92;Longcleeve;Longcleeve;;;Lungoscavo;;x
PROV93;Whitwell;Bonblanc;;;Bianchi Poggi;;x
PROV94;Green Hill Country;Pays de la Colline Verte;;;Paese delle Verdi Colline;;x
PROV95;Michel Delving;Grand'Cave;;;Pietraforata;;x
PROV96;Men Erain;Men Erain;;;Men Erain;;x
PROV97;Bucklebury;Château-Brande;;;Buckburgo;;x
PROV98;Eryn Vorn;Eryn Vorn;;;Eryn Vorn;;x
PROV99;Cithrenor;Cithrenor;;;Cithrenor;;x
PROV100;Angoth;Angoth;;;Angoth;;x
PROV101;Annithir;Annithir;;;Annithir;;x
PROV102;Minas Girithlin;Minas Girithlin;;;Minas Girithlin;;x
PROV103;Girithdôr;Girithdôr;;;Girithdôr;;x
PROV104;Old Forest;La Vieille Forêt;;;Vecchia Foresta;;x
PROV105;Tyrn Gorthad;Tyrn Gorthad;;;Tyrn Gorthad;;x
PROV106;Ost Gorthad;Ost Gorthad;;;Ost Gorthad;;x
PROV107;Harloeg;Harloeg;;;Harloeg;;x
PROV108;Bondor;Bondor;;;Bondor;;x
PROV109;Ered Angûrath;Ered Angûrath;;;Ered Angûrath;;x
PROV110;Fenmarch;Fenmarch;;;Fenmarch;;x
PROV111;The Folde;Le Folde;;;Falda;;x
PROV112;Snowbourn;Snowbourn;;;Acquaneve;;x
PROV113;Imping;Imping;;;Imping;;x
PROV114;Aldburg;Aldburg;;;Aldburgo;;x
PROV115;Edoras;Edoras;;;Edoras;;x
PROV116;Harrowdale;Harrowdale;;;Dunclivo;;x
PROV117;King Fold;Terre-du-Roi;;;Falda del Re;;x
PROV118;Grimslade;Grimslade;;;Grimslade;;x
PROV119;Marton;Marton;;;Marton;;x
PROV120;Gap of Rohan;Cap du Rohan;;;Breccia di Rohan;;x
PROV121;Adornfold;Adornfold;;;Adornfold;;x
PROV122;Helm's Deep;Gouffre de Helm;;;Fosso di Helm;;x
PROV123;Tir Ethir;Tir Ethir;;;Tir Ethir;;x
PROV124;Methir;Methir;;;Methir;;x
PROV125;Minas Laer;Minas Laer;;;Minas Laer;;x
PROV126;Aegardh;Aegardh;;;Aegardh;;x
PROV127;Galadrin;Galadrin;;;Galadrin;;x
PROV128;Aegthelion;Aegthelion;;;Aegthelion;;x
PROV129;Barad Harn;Barad Harn;;;Barad Harn;;x
PROV130;Emyn Annûn;Emyn Annûn;;;Emyn Annûn;;x
PROV131;Gobel Mírlond;Gobel Mírlond;;;Gobel Mírlond;;x
PROV132;Has Sabiya;Has Sabiya;;;Has Sabiya;;x
PROV133;Caradhram;Caradhram;;;Caradhram;;x
PROV134;Emyn Laer;Emyn Laer;;;Emyn Laer;;x
PROV135;Amonost;Amonost;;;Amonost;;x
PROV136;Hingrenost;Hingrenost;;;Hingrenost;;x
PROV137;Carnenost;Carnenost;;;Carnenost;;x
PROV138;Bar Malduin;Bar Malduin;;;Bar Malduin;;x
PROV139;Emyn Imladrim;Emyn Imladrim;;;Emyn Imladrim;;x
PROV140;Faday;Faday;;;Faday;;x
PROV141;Romenor;Romenor;;;Romenor;;x
PROV142;Carnen;Carnen;;;Carnen;;x
PROV143;Tirith Argon;Tirith Argon;;;Tirith Argon;;x
PROV144;Abârloni;Abârloni;;;Abârloni;;x
PROV145;Suk Abârrim;Suk Abârrim;;;Suk Abârrim;;x
PROV146;Gobel Ancalimon;Gobel Ancalimon;;;Gobel Ancalimon;;x
PROV147;Morgal;Morgal;;;Morgal;;x
PROV148;Orodruin;Orodruin;;;Orodruin;;x
PROV149;Cirith Ungol;Cirith Ungol;;;Cirith Ungol;;x
PROV150;Carach Angren;Carach Angren;;;Carach Angren;;x
PROV151;Ered Lithui;Ered Lithui;;;Ered Lithui;;x
PROV152;Minas Dûrlith;Minas Dûrlith;;;Minas Dûrlith;;x
PROV153;East Lithad;Lithad Oriental;;;Est Lithad;;x
PROV154;Linnuis;Linnuis;;;Linnuis;;x
PROV155;Lond Daer;Lond Daer;;;Lond Daer;;x
PROV156;Sudúri;Sudúri;;;Sudúri;;x
PROV157;Minas Emrys;Minas Emrys;;;Minas Emrys;;x
PROV158;Talsir;Talsir;;;Talsir;;x
PROV159;Bregnas;Bregnas;;;Bregnas;;x
PROV160;Daelmoth;Daelmoth;;;Daelmoth;;x
PROV161;Balost;Balost;;;Balost;;x
PROV162;Alandor;Alandor;;;Alandor;;x
PROV163;Argond;Argond;;;Argond;;x
PROV164;Deveney;Deveney;;;Deveney;;x
PROV165;Entamundo;Entamundo;;;Entamundo;;x
PROV166;Thaendor;Thaendor;;;Thaendor;;x
PROV167;Seren;Seren;;;Seren;;x
PROV168;Gwaelin;Gwaelin;;;Gwaelin;;x
PROV169;Andrath;Andrath;;;Andrath;;x
PROV170;Arnach;Arnach;;;Arnach;;x
PROV171;Thalion;Thalion;;;Thalion;;x
PROV172;Tharbad;Tharbad;;;Tharbad;;x
PROV173;Herwen;Herwen;;;Herwen;;x
PROV174;Nen-i-Sûl ;Nen-i-Sûl ;;;Nen-i-Sûl ;;x
PROV175;Denerond;Denerond;;;Denerond;;x
PROV176;Nidada;Nidada;;;Nidada;;x
PROV177;Gleinfaerdor;Gleinfaerdor;;;Gleinfaerdor;;x
PROV178;Bar Morthil;Bar Morthil;;;Bar Morthil;;x
PROV179;Parth-i-Certémar;Parth-i-Certémar;;;Parth-i-Certémar;;x
PROV180;Tharagrondost;Tharagrondost;;;Tharagrondost;;x
PROV181;Parth Iaur;Parth Iaur;;;Parth Iaur;;x
PROV182;Perth Maiwin;Perth Maiwin;;;Perth Maiwin;;x
PROV183;Cirith Analanohir;Cirith Analanohir;;;Cirith Analanohir;;x
PROV184;Balorn;Balorn;;;Balorn;;x
PROV185;Ruasin;Ruasin;;;Ruasin;;x
PROV186;Abastmil;Abastmil;;;Abastmil;;x
PROV187;Nimrhand;Nimrhand;;;Nimrhand;;x
PROV188;Rast Lefnui;Rast Lefnui;;;Rast Lefnui;;x
PROV189;Rast Hwarin;Rast Hwarin;;;Rast Hwarin;;x
PROV190;Fangmaer;Fangmaer;;;Fangmaer;;x
PROV191;Dunlostir;Dunlostir;;;Dunlostir;;x
PROV192;Broadacres;Broadacres;;;Grandacro;;x
PROV193;Kingstead;Kingstead;;;Seggio dei Re;;x
PROV194;Entwash Vale;Vallée de l'Entalluve;;;Valle dell'Entalluvio;;x
PROV195;Annulond;Annulond;;;Annulond;;x
PROV196;Lómost;Lómost;;;Lómost;;x
PROV197;Lond Galen;Lond Galen;;;Lond Galen;;x
PROV198;Rondalph;Rondalph;;;Rondalph;;x
PROV199;Rhûnwaith;Rhûnwaith;;;Rhûnwaith;;x
PROV200;Haerlond;Haerlond;;;Haerlond;;x
PROV201;Lindabad;Lindabad;;;Lindabad;;x
PROV202;Imlad Arheledh;Imlad Arheledh;;;Imlad Arheledh;;x
PROV203;Annon Wain;Annon Wain;;;Annon Wain;;x
PROV204;Umb Dolen;Umb Dolen;;;Umb Dolen;;x
PROV205;Bar Feryth;Bar Feryth;;;Bar Feryth;;x
PROV206;Saerthondost;Saerthondost;;;Saerthondost;;x
PROV207;Dol Gwaer;Dol Gwaer;;;Dol Gwaer;;x
PROV208;Rond Deren;Rond Deren;;;Rond Deren;;x
PROV209;Corgonin;Corgonin;;;Corgonin;;x
PROV210;Parth Feren;Parth Feren;;;Parth Feren;;x
PROV211;Nineryn;Nineryn;;;Nineryn;;x
PROV212;Umb Estelwain;Umb Estelwain;;;Umb Estelwain;;x
PROV213;Rond Rhandir;Rond Rhandir;;;Rond Rhandir;;x
PROV214;Morlad;Morlad;;;Morlad;;x
PROV215;Erech;Erech;;;Erech;;x
PROV216;Thargol;Thargol;;;Thargol;;x
PROV217;Sardol;Sardol;;;Sardol;;x
PROV218;Cemenduril;Cemenduril;;;Cemenduril;;x
PROV219;Lancrath;Lancrath;;;Lancrath;;x
PROV220;Calembel;Calembel;;;Calembel;;x
PROV221;Ethring;Ethring;;;Ethring;;x
PROV222;Dínadab;Dínadab;;;Dínadab;;x
PROV223;Bar Elir;Bar Elir;;;Bar Elir;;x
PROV224;Lothgobel;Lothgobel;;;Lothgobel;;x
PROV225;Isengard;Isengard;;;Isengard;;x
PROV226;Isendale;Isendale;;;Isenvalle;;x
PROV227;Derwath;Derwath;;;Derwath;;x
PROV228;Drúwaith Nimrais;Drúwaith Nimrais;;;Drúwaith Nimrais;;x
PROV229;Imlothim;Imlothim;;;Imlothim;;x
PROV230;Isenangle;Isenangle;;;Isenspigolo;;x
PROV231;Drúwaith Laden;Drúwaith Laden;;;Drúwaith Laden;;x
PROV232;Dunlogan;Dunlogan;;;Dunlogan;;x
PROV233;Perth Ülmyn;Perth Ülmyn;;;Perth Ülmyn;;x
PROV234;Rivendell;Fondcombe;;;Gran Burrone;;x
PROV235;Caras Galadhon;Caras Galadhon;;;Caras Galadhon;;x
PROV236;Gobel Lhûn;Gobel Lhûn;;;Gobel Lhûn;;x
PROV237;Falathlorn;Falathlorn;;;Falathlorn;;x
PROV238;Low Lands;Basses-Terres;;;Terre Basse;;x
PROV239;Thorin's Gate;Porte de Thorin;;;Porte di Thorin;;x
PROV240;The Dune Sea;Mer de Sable;;;Mare delle Dune;;x
PROV241;Forodwaith;Forodwaith;;;Forodwaith;;x
PROV242;Hyarromenyar;Hyarromenyar;;;Hyarromenyar;;x
PROV243;Tarmear;Tarmear;;;Tarmear;;x
PROV244;Brethyar;Brethyar;;;Brethyar;;x
PROV245;Glandagol;Glandagol;;;Glandagol;;x
PROV246;East Luneland;Luneland Oriental;;;Est Luneland;;x
PROV247;Noirinanyar;Noirinanyar;;;Noirinanyar;;x
PROV248;Ongoth;Ongoth;;;Ongoth;;x
PROV249;Tirith Glann;Tirith Glann;;;Tirith Glann;;x
PROV250;Formenyar;Formenyar;;;Formenyar;;x
PROV251;Emyn Uial;Emyn Uial;;;Emyn Uial;;x
PROV252;Annumenyar;Annumenyar;;;Annumenyar;;x
PROV253;Tyrn Fornech;Tyrn Fornech;;;Tyrn Fornech;;x
PROV254;Emenyar;Emenyar;;;Emenyar;;x
PROV255;Balgrist;Balgrist;;;Balgrist;;x
PROV256;Parth Aduial;Parth Aduial;;;Parth Aduial;;x
PROV257;Oronyar;Oronyar;;;Oronyar;;x
PROV258;Celephyar;Celephyar;;;Celephyar;;x
PROV259;Maenthirost;Maenthirost;;;Maenthirost;;x
PROV260;Tyrn Formen;Tyrn Formen;;;Tyrn Formen;;x
PROV261;Ramunnidon;Ramunnidon;;;Ramunnidon;;x
PROV262;Rammas Formen;Rammas Formen;;;Rammas Formen;;x
PROV263;Esteldin;Esteldin;;;Esteldin;;x
PROV264;Archet;Bois-de-Chet;;;Arceto;;x
PROV265;Combe;Combe;;;Conca;;x
PROV266;Brandy Hills;Monts-de-Brande;;;Colli di Brandy;;x
PROV267;Bree;Bree;;;Brea;;x
PROV268;Midgewater Marshes;Eaux-aux-Cousins;;;Chiane Ditteri;;x
PROV269;Weather Hills;Weather Hills;;;Colline Vento;;x
PROV270;Fornost Erain;Fornost Erain;;;Fornost Erain;;x
PROV271;Gladden Fields;Champs-aux-Iris;;;Campi Gaggiolo;;x
PROV272;Ordugh;Ordugh;;;Ordugh;;x
PROV273;Sutcrofts;Sutcrofts;;;Sudpoderi;;x
PROV274;Norcrofts;Norcrofts;;;Nordpoderi;;x
PROV275;East Wall;Mur-de-l'Est;;;Rupe dell'Est;;x
PROV276;Walstow;Walstow;;;Walstow;;x
PROV277;Ethir Onodló;Ethir Onodló;;;Ethir Onodló;;x
PROV278;Harwick;Harwick;;;Harwick;;x
PROV279;Longhold;Longhold;;;Fortelungo;;x
PROV280;Sarn Gebir;Sarn Gebir;;;Sarn Gebir;;x
PROV281;Parth Celebrant;Parth Celebrant;;;Parth Celebrant;;x
PROV282;Eorlsmead;Eorlsmead;;;Praterie di Eorl;;x
PROV283;Taur Luinen;Taur Luinen;;;Taur Luinen;;x
PROV284;Nan Celebrant;Nan Celebrant;;;Nan Celebrant;;x
PROV285;Moria;Moria;;;Moria;;x
PROV286;Echad Bruinen;Echad Bruinen;;;Echad Bruinen;;x
PROV287;Echad Mirabel;Echad Mirabel;;;Echad Mirabel;;x
PROV288;Tîr Sirannon;Tîr Sirannon;;;Tîr Sirannon;;x
PROV289;Fennas Drùnnin;Fennas Drùnnin;;;Fennas Drùnnin;;x
PROV290;Ost-in-Edhil;Ost-in-Edhil;;;Ost-in-Edhil;;x
PROV291;Swanfleet;Nîn-in-Eilph;;;Agilcigno;;x
PROV292;Erebor;Erebor;;;Erebor;;x
PROV293;Cillien;Cillien;;;Cillien;;x
PROV294;Nimrodel;Nimrodel;;;Nimrodel;;x
PROV295;Nandhuirion;Nandhuirion;;;Nandhuirion;;x
PROV296;Ianth Methad;Ianth Methad;;;Ianth Methad;;x
PROV297;Pinnath Tereg;Pinnath Tereg;;;Pinnath Tereg;;x
PROV298;Barad Remmellad;Barad Remmellad;;;Barad Remmellad;;x
PROV299;Hoardale;Hoardale;;;Vallebrina;;x
PROV300;Magillos;Magillos;;;Magillos;;x
PROV301;Gleinangmar;Gleinangmar;;;Gleinangmar;;x
PROV302;Udanoriath;Udanoriath;;;Udanoriath;;x
PROV303;Eldanar;Eldanar;;;Eldanar;;x
PROV304;Gleinenedoriath;Gleinenedoriath;;;Gleinenedoriath;;x
PROV305;Menegaur;Menegaur;;;Menegaur;;x
PROV306;Nothros;Nothros;;;Nothros;;x
PROV307;Mithereithel;Mithereithel;;;Mithereithel;;x
PROV308;Safin Rhaglaw;Safin Rhaglaw;;;Safin Rhaglaw;;x
PROV309;Taur Morvith;Taur Morvith;;;Taur Morvith;;x
PROV310;Amon Lanc;Amon Lanc;;;Amon Lanc;;x
PROV311;Emyn Lûm;Emyn Lûm;;;Emyn Lûm;;x
PROV312;Sâd Meryrn;Sâd Meryrn;;;Sâd Meryrn;;x
PROV313;Galdesgal;Galdesgal;;;Galdesgal;;x
PROV314;Imlad Aras;Imlad Aras;;;Imlad Aras;;x
PROV315;Egyr-e-Taur;Egyr-e-Taur;;;Egyr-e-Taur;;x
PROV316;Imlad Megli;Imlad Megli;;;Imlad Megli;;x
PROV317;Galadhmôr;Galadhmôr;;;Galadhmôr;;x
PROV318;Brôgorn;Brôgorn;;;Brôgorn;;x
PROV319;Cell Angol;Cell Angol;;;Cell Angol;;x
PROV320;Eryn Aras;Eryn Aras;;;Eryn Aras;;x
PROV321;Western Forest Path;Route de la Forêt Occidentale;;;Via Silvana Ovest;;x
PROV322;Eastern Forest Path;Route de la Forêt Orientale;;;Via Silvana Est;;x
PROV323;Halls of Thranduil;Salles de Thranduil;;;Sale di Thranduil;;x
PROV324;Emyn Duir;Emyn Duir;;;Emyn Duir;;x
PROV325;Rhosgobel;Rhosgobel ;;;Rhosgobel;;x
PROV326;Athrad Laegrim;Athrad Laegrim;;;Athrad Laegrim;;x
PROV327;Taeg Dîn;Taeg Dîn;;;Taeg Dîn;;x
PROV328;Celebannon;Celebannon;;;Celebannon;;x
PROV329;Amon Lhaw;Amon Lhaw;;;Amon Lhaw;;x
PROV330;Emyn Muil;Emyn Muil;;;Emyn Muil;;x
PROV331;East Bight;Lisière Orientale;;;Ansa Orientale;;x
PROV332;Kirithgal;Kirithgal;;;Kirithgal;;x
PROV333;Gap of Nurn;Cap de Nurn;;;Breccia di Núrn;;x
PROV334;Seregost;Seregost;;;Seregost;;x
PROV335;Harlond;Harlond;;;Harlond;;x
PROV336;Anhaman;Anhaman;;;Anhaman;;x
PROV337;Lairiardhon;Lairiardhon;;;Lairiardhon;;x
PROV338;Lildarhdan;Lildarhdan;;;Lildarhdan;;x
PROV339;Ardalyalinya;Ardalyalinya;;;Ardalyalinya;;x
PROV340;Ardquetto;Ardquetto;;;Ardquetto;;x
PROV341;Laerglinn;Laerglinn;;;Laerglinn;;x
PROV342;Uleineithel;Uleineithel;;;Uleineithel;;x
PROV343;Amon Ulein;Amon Ulein;;;Amon Ulein;;x
PROV344;Belesîr;Belesîr;;;Belesîr;;x
PROV345;Bar Irlossiel;Bar Irlossiel;;;Bar Irlossiel;;x
PROV346;Lond Telerion;Lond Telerion;;;Lond Telerion;;x
PROV347;Belethyar;Belethyar;;;Belethyar;;x
PROV348;Lond Thalos;Lond Thalos;;;Lond Thalos;;x
PROV349;Tîr Lowen;Tîr Lowen;;;Tîr Lowen;;x
PROV350;Forlond;Forlond;;;Forlond;;x
PROV351;Apariath;Apariath;;;Apariath;;x
PROV352;Estoriand;Estoriand;;;Estoriand;;x
PROV353;Olòrmindon;Olòrmindon;;;Olòrmindon;;x
PROV354;Mänoriand;Mänoriand;;;Mänoriand;;x
PROV355;Sandariand;Sandariand;;;Sandariand;;x
PROV356;Thargelion;Thargelion;;;Thargelion;;x
PROV357;Lothlann;Lothlann;;;Lothlann;;x
PROV358;Mindolhendi;Mindolhendi;;;Mindolhendi;;x
PROV359;Aranaforn;Aranaforn;;;Aranaforn;;x
PROV360;Anfangneder;Anfangneder;;;Anfangneder;;x
PROV361;Annùduin;Annùduin;;;Annùduin;;x
PROV362;Amon Mithlond;Amon Mithlond;;;Amon Mithlond;;x
PROV363;Numeriador;Numeriador;;;Numeriador;;x
PROV364;Caras Celairnen;Caras Celairnen;;;Caras Celairnen;;x
PROV365;Dolumarb;Dolumarb;;;Dolumarb;;x
PROV366;Grothum;Grothum;;;Grothum;;x
PROV367;Gobel Tolfalas;Gobel Tolfalas;;;Gobel Tolfalas;;x
PROV368;Tarnost;Tarnost;;;Tarnost;;x
PROV369;Nenim;Nenim;;;Nenim;;x
PROV370;Rhudaur Nimrais;Rhudaur Nimrais;;;Rhudaur Nimrais;;x
PROV371;Glan Vraig;Glan Vraig;;;Glan Vraig;;x
PROV372;Wolfdale;Wolfdale;;;Val di Lupo;;x
PROV373;Cameth Brin;Cameth Brin;;;Cameth Brin;;x
PROV374;Carras;Carras;;;Carras;;x
PROV375;Haradaelmoth;Haradaelmoth;;;Haradaelmoth;;x
PROV376;Gwathlim;Gwathlim;;;Gwathlim;;x
PROV377;Gwathlolîn;Gwathlolîn;;;Gwathlolîn;;x
PROV378;Lond Angren;Lond Angren;;;Lond Angren;;x
PROV379;Gwathlethir;Gwathlethir;;;Gwathlethir;;x
PROV380;Bhainnan;Bhainnan;;;Bhainnan;;x
PROV381;Dunered;Dunered;;;Dunered;;x
PROV382;Duncillien;Duncillien;;;Duncillien;;x
PROV383;Galtrev;Galtrev;;;Galtrev;;x
PROV384;Talorgan;Talorgan;;;Talorgan;;x
PROV385;Fidach;Fidach;;;Fidach;;x
PROV386;Morbet;Morbet;;;Morbet;;x
PROV387;Gyroth;Gyroth;;;Gyroth;;x
PROV388;Caladach;Caladach;;;Caladach;;x
PROV389;Wredech;Wredech;;;Wredech;;x
PROV390;Isendun;Isendun;;;Isendun;;x
PROV391;Arithach;Arithach;;;Arithach;;x
PROV392;Isenvale;Isenvale;;;Isenvalle;;x
PROV393;Larach;Larach;;;Larach;;x
PROV394;Duhnann;Duhnann;;;Duhnann;;x
PROV395;Dunsenem;Dunsenem;;;Dunsenem;;x
PROV396;Cairill;Cairill;;;Cairill;;x
PROV397;Enedhîn;Enedhîn;;;Enedhîn;;x
PROV398;Burh Anduin;Burh Anduin;;;Burh Anduin;;x
PROV399;Imlad Ninglor;Imlad Ninglor;;;Imlad Ninglor;;x
PROV400;Sîr Ninglor;Sîr Ninglor;;;Sîr Ninglor;;x
PROV401;Amon Ninglorin;Amon Ninglorin;;;Amon Ninglorin;;x
PROV402;Athrad Iaur;Athrad Iaur;;;Athrad Iaur;;x
PROV403;Methelburg;Methelburg;;;Methelburg;;x
PROV404;Framsburg;Framsburg;;;Framsburg;;x
PROV405;Eredlangwed;Eredlangwed;;;Eredlangwed;;x
PROV406;Dor Firnen;Dor Firnen;;;Dor Firnen;;x
PROV407;Men Rimenn;Men Rimenn;;;Men Rimenn;;x
PROV408;Burh Baran;Burh Baran;;;Burh Baran;;x
PROV409;Talath Harroch;Talath Harroch;;;Talath Harroch;;x
PROV410;Haradnûr;Haradnûr;;;Haradnûr;;x
PROV411;Talu Baran;Talu Baran;;;Talu Baran;;x
PROV412;Rosghened;Rosghened;;;Rosghened;;x
PROV413;Amrûn Anduin;Amrûn Anduin;;;Amrûn Anduin;;x
PROV414;Nan Anduin;Nan Anduin;;;Nan Anduin;;x
PROV415;Wuduburg;Wuduburg;;;Wuduburg;;x
PROV416;Mallendan;Mallendan;;;Mallendan;;x
PROV417;Forest Gate;Porte de la Forêt;;;Porta della Foresta;;x
PROV418;Mirkmaer;Mirkmaer;;;Mirkmaer;;x
PROV419;Imrad Laegrim;Imrad Laegrim;;;Imrad Laegrim;;x
PROV420;Peleth Tawar;Peleth Tawar;;;Peleth Tawar;;x
PROV421;Isenflow;Isenflow;;;Isenflutti;;x
PROV422;Minas Tirith;Minas Tirith;;;Minas Tirith;;x
PROV423;Pinnath Luin;Pinnath Luin;;;Pinnath Luin;;x
PROV424;Gebin Luin;Gebin Luin;;;Gebin Luin;;x
PROV425;Inlilò;Inlilò;;;Inlilò;;x
PROV426;Minas Ithil;Minas Ithil;;;Minas Ithil;;x
PROV427;East Osgiliath;Est Osgiliath;;;Osgiliath Est;;x
PROV428;West Osgiliath;Ouest Osgiliath;;;Osgiliath Ovest;;x
PROV429;Edhellond;Edhellond;;;Edhellond;;x
PROV430;Umbar;Umbar;;;Umbar;;x
PROV431;Marös;Marös;;;Marös;;x
PROV432;Caldûr;Caldûr;;;Caldûr;;x
PROV433;Pellardur;Pellardur;;;Pellardur;;x
PROV434;Barazôn;Barazôn;;;Barazôn;;x
PROV435;Isigir;Isigir;;;Isigir;;x
PROV436;Erädas;Erädas;;;Erädas;;x
PROV437;Númerös;Númerös;;;Númerös;;x
PROV438;Ardûmir;Ardûmir;;;Ardûmir;;x
PROV439;Eithel Angir;Eithel Angir;;;Eithel Angir;;x
PROV440;Urlutsu Nurn;Urlutsu Nurn;;;Urlutsu Nurn;;x
PROV441;Nurumurl;Nurumurl;;;Nurumurl;;x
PROV442;Sturlurtsa Nurn;Sturlurtsa Nurn;;;Sturlurtsa Nurn;;x
PROV443;Olbamarl;Olbamarl;;;Olbamarl;;x
PROV444;Gap of Khand;Cap de Khand;;;Breccia del Khand;;x
PROV445;Carn Telloth;Carn Telloth;;;Carn Telloth;;x
PROV446;Ubesesh;Ubesesh;;;Ubesesh;;x
PROV447;Kyzilkum;Kyzilkum;;;Kyzilkum;;x
PROV448;Havais;Havais;;;Havais;;x
PROV449;Ammu Khand;Ammu Khand;;;Ammu Khand;;x
PROV450;Ahrûl Admal;Ahrûl Admal;;;Ahrûl Admal;;x
PROV451;Laorki;Laorki;;;Laorki;;x
PROV452;Sturlurtsa Khand;Sturlurtsa Khand;;;Sturlurtsa Khand;;x
PROV453;Kruk Mahur;Kruk Mahur;;;Kruk Mahur;;x
PROV454;Suthvais;Suthvais;;;Suthvais;;x
PROV455;Vatresh;Vatresh;;;Vatresh;;x
PROV456;Bogath;Bogath;;;Bogath;;x
PROV457;Ershawar;Ershawar;;;Ershawar;;x
PROV458;Kas Auebel;Kas Auebel;;;Kas Auebel;;x
PROV459;Gizar;Gizar;;;Gizar;;x
PROV460;Kupsha;Kupsha;;;Kupsha;;x
PROV461;Hills of Kajbah;Hills of Kajbah;;;Ered Kajbah;;x
PROV462;Korb Chelkar;Korb Chelkar;;;Korb Chelkar;;x
PROV463;Oud Ilaz;Oud Ilaz;;;Oud Ilaz;;x
PROV464;Kas Ilaz;Kas Ilaz;;;Kas Ilaz;;x
PROV465;Emyn Kajbah;Emyn Kajbah;;;Emyn Kajbah;;x
PROV466;Wastes of Kajbah;Wastes of Kajbah;;;Piana del Kajbah;;x
PROV467;Kadar Argon;Kadar Argon;;;Kadar Argon;;x
PROV468;Dunamrûn;Dunamrûn;;;Dunamrûn;;x
PROV469;Rhûn Amrûn;Rhûn Amrûn;;;Rhûn Amrûn;;x
PROV470;Korb Taskral;Korb Taskral;;;Korb Taskral;;x
PROV471;Korondaj;Korondaj;;;Korondaj;;x
PROV472;Korb Haruzan;Korb Haruzan;;;Korb Haruzan;;x
PROV473;Thrijha Peh;Thrijha Peh;;;Thrijha Peh;;x
PROV474;Vale of Haruz;Vallée d'Haruz;;;Valle dell'Haruz;;x
PROV475;Feah;Feah;;;Feah;;x
PROV476;Sook Oda;Sook Oda;;;Sook Oda;;x
PROV477;Kas Shafra;Kas Shafra;;;Kas Shafra;;x
PROV478;Sûkh Akhôr;Sûkh Akhôr;;;Sûkh Akhôr;;x
PROV479;Kiba;Kiba;;;Kiba;;x
PROV480;An Tarim;An Tarim;;;An Tarim;;x
PROV481;An Pharaz;An Pharaz;;;An Pharaz;;x
PROV482;Bur Baklin;Bur Baklin;;;Bur Baklin;;x
PROV483;An Abâr;An Abâr;;;An Abâr;;x
PROV484;An Zalim;An Zalim;;;An Zalim;;x
PROV485;An Karagmir;An Karagmir;;;An Karagmir;;x
PROV486;Krub Mabur;Krub Mabur;;;Krub Mabur;;x
PROV487;Parzee;Parzee;;;Parzee;;x
PROV488;Bur Pezarsan;Bur Pezarsan;;;Bur Pezarsan;;x
PROV489;Talazhan;Talazhan;;;Talazhan;;x
PROV490;Vale of Pezar;Vallée de Pezar;;;Vale of Pezar;;x
PROV491;Enmahadah;Enmahadah;;;Enmahadah;;x
PROV492;Korb Mikarin;Korb Mikarin;;;Korb Mikarin;;x
PROV493;Mikarin Peh;Mikarin Peh;;;Mikarin Peh;;x
PROV494;Ovathrac;Ovathrac;;;Ovathrac;;x
PROV495;Kruk Boyadla;Kruk Boyadla;;;Kruk Boyadla;;x
PROV496;Sandmarish;Marais de Sable;;;Palude delle Sabbie;;x
PROV497;An Talazh;An Talazh;;;An Talazh;;x
PROV498;Sandroad;Route-de-Sable;;;Via Sabbiosa;;x
PROV499;Lurm;Lurm;;;Lurm;;x
PROV500;Kruk Datmen;Kruk Datmen;;;Kruk Datmen;;x
PROV501;Brafenas;Brafenas;;;Brafenas;;x
PROV502;Zhaneen;Zhaneen;;;Zhaneen;;x
PROV503;Sakûn;Sakûn;;;Sakûn;;x
PROV504;Bur Lurmsakûn;Bur Lurmsakûn;;;Bur Lurmsakûn;;x
PROV505;Hills of Sand;Monts de Sable;;;Colli Sabbiosi;;x
PROV506;Gritland;Terre-de-Poussière;;;Terre Polverose;;x
PROV507;Dusthills;Monts-de-Poussière;;;Colli Polverosi;;x
PROV508;Dying Pass;Passe-de-Mort;;;Passo della Morte;;x
PROV509;Layotam;Layotam;;;Layotam;;x
PROV510;Maresh;Maresh;;;Maresh;;x
PROV511;Duneroad;Route-des-Dunes;;;Passo delle Dune;;x
PROV512;Kruk Azbanna;Kruk Azbanna;;;Kruk Azbanna;;x
PROV513;Imak Peh;Imak Peh;;;Imak Peh;;x
PROV514;Anrkaz;Anrkaz;;;Anrkaz;;x
PROV515;Tereze;Tereze;;;Tereze;;x
PROV516;Torask;Torask;;;Torask;;x
PROV517;Ûrêzâyan;Ûrêzâyan;;;Ûrêzâyan;;x
PROV518;Zimrenzîl;Zimrenzîl;;;Zimrenzîl;;x
PROV519;Urud-an-Kibil;Urud-an-Kibil;;;Urud-an-Kibil;;x
PROV520;Nilulondë;Nilulondë;;;Nilulondë;;x
PROV521;Telarûd;Telarûd;;;Telarûd;;x
PROV522;Zadan-an-Adûn;Zadan-an-Adûn;;;Zadan-an-Adûn;;x
PROV523;Kadar-an-Balkuzôr;Kadar-an-Balkuzôr;;;Kadar-an-Balkuzôr;;x
PROV524;Abârrûkh;Abârrûkh;;;Abârrûkh;;x
PROV525;Hazaj Tollin;Hazaj Tollin;;;Hazaj Tollin;;x
PROV526;Nykkea;Nykkea;;;Nykkea;;x
PROV527;Sarnak Hôr;Sarnak Hôr;;;Sarnak Hôr;;x
PROV528;Narik-Zadan;Narik-Zadan;;;Narik-Zadan;;x
PROV529;Dusalan;Dusalan;;;Dusalan;;x
PROV530;Belabâr;Belabâr;;;Belabâr;;x
PROV531;Sulaj-Dar;Sulaj-Dar;;;Sulaj-Dar;;x
PROV532;Kor Mumak;Kor Mumak;;;Kor Mumak;;x
PROV533;Khorsâj;Khorsâj;;;Khorsâj;;x
PROV534;North Dune Sea;Mer de Sable Nord;;;Mare di Sabbia;;x
PROV535;Tûl Isra;Tûl Isra;;;Tûl Isra;;x
PROV536;Kes Arik;Kes Arik;;;Kes Arik;;x
PROV537;Akhûl;Akhûl;;;Akhûl;;x
PROV538;Forestweb;Réseaubois;;;Forestweb;;x
PROV539;Dale;Dale;;;Dale;;x
PROV540;Esgaroth;Esgaroth;;;Pontelagolungo;;x
PROV541;Withibord;Withibord;;;Withibord;;x
PROV542;Celduinim;Celduinim;;;Celduinim;;x
PROV543;Bardtown;Bardville;;;Bardoburgo;;x
PROV544;Gramavuld;Gramavuld;;;Gramavuld;;x
PROV545;Burh Kaupis;Burh Kaupis;;;Burh Kaupis;;x
PROV546;Grasgard;Grasgard;;;Grasgard;;x
PROV547;Tunn Vidugavia;Tunn Vidugavia;;;Tunn Vidugavia;;x
PROV548;Orchal Carnen;Orchal Carnen;;;Orchal Carnen;;x
PROV549;Ningloruin;Ningloruin;;;Ningloruin;;x
PROV550;Govadnîn;Govadnîn;;;Govadnîn;;x
PROV551;Ronknurn;Ronknurn;;;Ronknurn;;x
PROV552;Ronkgûl;Ronkgûl;;;Ronkgûl;;x
PROV553;Emyn Burzum;Emyn Burzum;;;Emyn Burzum;;x
PROV554;Burzash;Burzash;;;Burzash;;x
PROV555;Krimp-hai;Krimp-hai;;;Krimp-hai;;x
PROV556;Duath-hai;Duath-hai;;;Duath-hai;;x
PROV557;Lugskai;Lugskai;;;Lugskai;;x
PROV558;Burzdug;Burzdug;;;Burzdug;;x
PROV559;Ogorsha;Ogorsha;;;Ogorsha;;x
PROV560;Globdurb;Globdurb;;;Globdurb;;x
PROV561;Burh Celduin;Burh Celduin;;;Burh Celduin;;x
PROV562;Ehwathr;Ehwathr;;;Ehwathr;;x
PROV563;Burh Alge;Burh Alge;;;Burh Alge;;x
PROV564;Burh Widu;Burh Widu;;;Burh Widu;;x
PROV565;Burh Marhlinge;Burh Marhlinge;;;Burh Marhlinge;;x
PROV566;Burh Waldmarhis;Burh Waldmarhis;;;Burh Waldmarhis;;x
PROV567;Burh Sauthis;Burh Sauthis;;;Burh Sauthis;;x
PROV568;Rumavuld;Rumavuld;;;Rumavuld;;x
PROV569;Dor Rhovanion;Dor Rhovanion;;;Dor Rhovanion;;x
PROV570;Annerchin;Annerchin;;;Annerchin;;x
PROV571;Thrór's Coomb;Thrór's Coomb;;;Comba di Thrór;;x
PROV572;Azanulimbar-Dûm;Azanulimbar-Dûm;;;Azanulimbar-Dûm;;x
PROV573;Duban-Nâla;Duban-Nâla;;;Duban-Nâla;;x
PROV574;Baraz-Duban;Baraz-Duban;;;Baraz-Duban;;x
PROV575;Ilanin;Ilanin;;;Ilanin;;x
PROV576;Szrel-Kain;Szrel-Kain;;;Szrel-Kain;;x
PROV577;Riavod;Riavod;;;Riavod;;x
PROV578;Uldonavan;Uldonavan;;;Uldonavan;;x
PROV579;Burh Dorwinion;Burh Dorwinion;;;Burh Dorwinion;;x
PROV580;Burh Ermanarikis;Burh Ermanarikis;;;Burh Ermanarikis;;x
PROV581;Logathavuld;Logathavuld;;;Logathavuld;;x
PROV582;Othlebed;Othlebed;;;Othlebed;;x
PROV583;Taur Romen;Taur Romen;;;Taur Romen;;x
PROV584;Nurunkhizdin;Nurunkhizdin;;;Nurunkhizdin;;x
PROV585;Dagorlad;Dagorlad;;;Dagorlad;;x
PROV586;Dead Marshes;Marais-des-Morts;;;Paludi Morte;;x
PROV587;Gelebrin;Gelebrin;;;Gelebrin;;x
PROV588;Bagronk;Bagronk;;;Bagronk;;x
PROV589;Dol Dagor;Dol Dagor;;;Dol Dagor;;x
PROV590;Thrumav;Thrumav;;;Thrumav;;x
PROV591;Ursh Lanna;Ursh Lanna;;;Ursh Lanna;;x
PROV592;Burh Rhovan;Burh Rhovan;;;Burh Rhovan;;x
PROV593;Tirith Thoron;Tirith Thoron;;;Tirith Thoron;;x
PROV594;Carn Rhoron;Carn Rhoron;;;Carn Rhoron;;x
PROV595;Sagath;Sagath;;;Sagath;;x
PROV596;Burh Avuld;Burh Avuld;;;Burh Avuld;;x
PROV597;Athav;Athav;;;Athav;;x
PROV598;Sagathaburh;Sagathaburh;;;Sagathaburh;;x
PROV599;Khurvasagh;Khurvasagh;;;Khurvasagh;;x
PROV600;Lest;Lest;;;Lest;;x
PROV601;Dilgul;Dilgul;;;Dilgul;;x
PROV602;Mistrand;Mistrand;;;Mistrand;;x
PROV603;Dor Kistis;Dor Kistis;;;Dor Kistis;;x
PROV604;Gathod;Gathod;;;Gathod;;x
PROV605;Uldovhar;Uldovhar;;;Uldovhar;;x
PROV606;Kugavod;Kugavod;;;Kugavod;;x
PROV607;Kelepar;Kelepar;;;Kelepar;;x
PROV608;Agasha Dag;Agasha Dag;;;Agasha Dag;;x
PROV609;Mispar;Mispar;;;Mispar;;x
PROV610;Nuruvan;Nuruvan;;;Nuruvan;;x
PROV611;Nûrad;Nûrad;;;Nûrad;;x
PROV612;Khundolan;Khundolan;;;Khundolan;;x
PROV613;Rhûnavuld;Rhûnavuld;;;Rhûnavuld;;x
PROV614;Kas Rhûn;Kas Rhûn;;;Kas Rhûn;;x
PROV615;Diluvuld;Diluvuld;;;Diluvuld;;x
PROV616;Thoropar;Thoropar;;;Thoropar;;x
PROV617;Ilapar;Ilapar;;;Ilapar;;x
PROV618;Logathavuld;Logathavuld;;;Logathavuld;;x
PROV619;Nan Gurth;Nan Gurth;;;Nan Gurth;;x
PROV620;Panth Gurehil;Panth Gurehil;;;Panth Gurehil;;x
PROV621;Duvuinen;Duvuinen;;;Duvuinen;;x
PROV622;Gorothlad;Gorothlad;;;Gorothlad;;x
PROV623;Urugarth;Urugarth;;;Urugarth;;x
PROV624;Carn Dûm;Carn Dûm;;;Carn Dûm;;x
PROV625;Angsûl;Angsûl;;;Angsûl;;x
PROV626;Imlad Balcorth;Imlad Balcorth;;;Imlad Balcorth;;x
PROV627;Cangash;Cangash;;;Cangash;;x
PROV628;Malenhad;Malenhad;;;Malenhad;;x
PROV629;Himbar;Himbar;;;Himbar;;x
PROV630;Fasach-falroid;Fasach-falroid;;;Fasach-falroid;;x
PROV631;Fasach-larran;Fasach-larran;;;Fasach-larran;;x
PROV632;Ram Dúath;Ram Dúath;;;Ram Dúath;;x
PROV633;Aughaire;Aughaire;;;Aughaire;;x
PROV634;Nan Lòke;Nan Lòke;;;Nan Lòke;;x
PROV635;Nan Morlith;Nan Morlith;;;Nan Morlith;;x
PROV636;Bûth-Ovaisa;Bûth-Ovaisa;;;Bûth-Ovaisa;;x
PROV637;Zarok-Iôrag;Zarok-Iôrag;;;Zarok-Iôrag;;x
PROV638;Orduga-Avaisa;Orduga-Avaisa;;;Orduga-Avaisa;;x
PROV639;Lagari-Ôrath;Lagari-Ôrath;;;Lagari-Ôrath;;x
PROV640;Nebûrkha;Nebûrkha;;;Nebûrkha;;x
PROV641;Valley of the Fellbeasts;Vallée des Bêtes Redoutables;;;Valle delle Fere Alate;;x
PROV642;Gundabad;Gundabad;;;Gundabad;;x
PROV643;Ikhûrirkûl;Ikhûrirkûl;;;Ikhûrirkûl;;x
PROV644;Zirakdûm;Zirakdûm;;;Zirakdûm;;x
PROV645;Harmaghdad;Harmaghdad;;;Harmaghdad;;x
PROV646;Burh Harmal;Burh Harmal;;;Burh Harmal;;x
PROV647;Janprok;Janprok;;;Janprok;;x
PROV648;Kopanzke;Kopanzke;;;Kopanzke;;x
PROV649;Siakab;Siakab;;;Siakab;;x
PROV650;Sicanna;Sicanna;;;Sicanna;;x
PROV651;Kas Ham;Kas Ham;;;Kas Ham;;x
PROV652;Tûr Kirmar;Tûr Kirmar;;;Tûr Kirmar;;x
PROV653;Rîntark;Rîntark;;;Rîntark;;x
PROV654;Barad-Dûr;Barad-Dûr;;;Barad-Dûr;;x
PROV655;Ugûlaî;Ugûlaî;;;Ugûlaî;;x
PROV656;Dol Amroth;Dol Amroth;;;Dol Amroth;;x
PROV657;Mithlond;Mithlond;;;Mithlond;;x
PROV658;Tuckland;Pays-de-Touque;;;Tuckland;;x
PROV659;Annúminas;Annúminas;;;Annúminas;;x
PROV660;Ascahiriand;Ascahiriand;;;Ascahiriand;;x
PROV661;Mirilgasin;Mirilgasin;;;Mirilgasin;;x
PROV662;Durthang;Durthang;;;Durthang;;x
PROV663;Cair Andros;Cair Andros;;;Cair Andros;;x
PROV664;Undertower;Sous-la-Tour;;;Undertower;;x
PROV665;Greenholm;Greenholm;;;Greenholm;;x
PROV666;Vale of Thrain;Val de Thrain;;;Valle di Thrain;;x
PROV667;Jä-rannit;Jä-rannit;;;Jä-rannit;;x
PROV668;Taur Orthon;Taur Orthon;;;Taur Orthon;;x
PROV669;Talvi-mûri;Talvi-mûri;;;Talvi-mûri;;x
PROV670;Aglarond;Aglarond;;;Aglarond;;x
PROV671;Drúadan Forest;Forêt des Druedain;;;Foresta Drúadan;;x
PROV672;Tamnogoth;Tamnogoth;;;Tamnogoth;;x
PROV673;Zirakzinbar;Zirakzinbar;;;Zirakzinbar;;x
PROV674;Farakudum;Farakudum;;;Farakudum;;x
PROV675;Lithimm;Lithimm;;;Lithimm;;x
PROV676;Caradhras Pass;Caradhras;;;Passo del Caradhras;;x
PROV677;Amon Hen;Amon Hen;;;Amon Hen;;x
PROV678;Uthrael Beoac;Uthrael Beoac;;;Uthrael Beoac;;x
PROV679;Dáin's Halls;Dáin's Halls;;;Sale di Dáin;;x
PROV680;Sarch nia Linquelíë;Sarch nia Linquelíë;;;Sarch nia Linquelíë;;x
PROV681;Thakalgund;Thakalgund;;;Thakalgund;;x
PROV682;Himling;Himling;;;Himling;;x
PROV683;Forsteard;Forsteard;;;Forsteard;;x
PROV684;Adligwold;Adligwold;;;Adligwold;;x
PROV685;Barandalf;Barandalf;;;Barandalf;;x
PROV686;Woody End;Finboisé;;;Terminalbosco;;x
PROV687;Tower Hills;Collines de la Tour;;;Colli Torrioni;;x
PROV688;Carrock;Carrock;;;Carroccia;;x
PROV689;Beorn's Hall;Beornhall;;;Sale di Beorn;;x
PROV690;Athilin;Athilin;;;Athilin;;x
PROV691;Morannon;Morannon;;;Morannon;;x
PROV692;Nykkeaear;Nykkeaear;;;Nykkeaear;;x
PROV693;Anballukhôraear;Anballukhôraear;;;Anballukhôraear;;x
PROV694;Narikaear;Narikaear;;;Narikaear;;x
PROV695;Dusalanaear;Dusalanaear;;;Dusalanaear;;x
PROV696;Gulf of Umbar;Baie d'Umbar;;;Golfo di Umbar;;x
PROV697;Caldûraear;Caldûraear;;;Caldûraear;;x
PROV698;Sukhaear;Sukhaear;;;Sukhaear;;x
PROV699;Shafraear;Shafraear;;;Shafraear;;x
PROV700;Abarlonaear;Abarlonaear;;;Abarlonaear;;x
PROV701;Gulf of Mirlond;Golfe de Mirlond;;;Golfo di Mirlond;;x
PROV702;Harnaear;Harnaear;;;Harnaear;;x
PROV703;Methilaear;Methilaear;;;Methilaear;;x
PROV704;Gulf of Canthiriath;Golfe de Canthiriath;;;Golfo di Canthiriath;;x
PROV705;Strait of Tolfalas;Détroit de Tolfalas;;;Stretto di Tolfalas;;x
PROV706;Cape of Tolfalas;Cap de Tolfalas;;;Capo Tolfalas;;x
PROV707;Nargondaear;Nargondaear;;;Nargondaear;;x
PROV708;Dol Amroth Bay;Baie de Dol Amroth;;;Baia di Dol Amroth;;x
PROV709;Galenaear;Galenaear;;;Galenaear;;x
PROV710;Gulf of Annulond;Golfe d'Annulond;;;Golfo di Annulond;;x
PROV711;Hwarinaear;Hwarinaear;;;Hwarinaear;;x
PROV712;Tharagrondostaear;Tharagrondostaear;;;Tharagrondostaear;;x
PROV713;Cape of Andrast;Cap d'Andrast;;;Capo d'Andrast;;x
PROV714;Maiwinaear;Maiwinaear;;;Maiwinaear;;x
PROV715;Iauraear;Iauraear;;;Iauraear;;x
PROV716;Abastmilaear;Abastmilaear;;;Abastmilaear;;x
PROV717;Angrenaear;Angrenaear;;;Angrenaear;;x
PROV718;Gulf of Lond Daer;Golfe de Lond Daer;;;Golfo di Lond Daer;;x
PROV719;Linnuisaear;Linnuisaear;;;Linnuisaear;;x
PROV720;Gulf of Annithir;Golfe de Annithir;;;Golfo di Annithir;;x
PROV721;Cape Vorn;Cap Vorn;;;Capo Vorn;;x
PROV722;Gulf of Cithrenor;Golfe de Cithrenor;;;Golfo di Cithrenor;;x
PROV723;Laerglinnaear;Laerglinnaear;;;Laerglinnaear;;x
PROV724;Lildarhdanaear;Lildarhdanaear;;;Lildarhdanaear;;x
PROV725;Lairiardhonaear;Lairiardhonaear;;;Lairiardhonaear;;x
PROV726;Ethir Lindon;Ethir Lindon;;;Ethir Lindon;;x
PROV727;Harlondaear;Harlondaear;;;Harlondaear;;x
PROV728;Strait of Mithlond;Détroit de Mithlond;;;Stretto di Mithlond;;x
PROV729;Apariathaear;Apariathaear;;;Apariathaear;;x
PROV730;Estoriandaear;Estoriandaear;;;Estoriandaear;;x
PROV731;Landolasaear;Landolasaear;;;Landolasaear;;x
PROV732;Himlingaear;Himlingaear;;;Himlingaear;;x
PROV733;Celanoriandaear;Celanoriandaear;;;Celanoriandaear;;x
PROV734;Mindelhendraear;Mindelhendraear;;;Mindelhendraear;;x
PROV735;Cape Mindelhend;Cap de Mindelhend;;;Capo Mindelhend;;x
PROV736;Bay of Talvi;Baie de Talvi;;;Baia di Talvi;;x
PROV737;Great Bay of Forochel;Grande Baie de Forochel;;;Grande Baia del Forochel;;x
PROV738;Jarannitaear;Jarannitaear;;;Jarannitaear;;x
PROV739;Enedaear;Enedaear;;;Enedaear;;x
PROV740;Enedaear;Enedaear;;;Enedaear;;x
PROV741;Enedaear;Enedaear;;;Enedaear;;x
PROV742;Enedaear;Enedaear;;;Enedaear;;x
PROV743;Annuiaear;Annuiaear;;;Annuiaear;;x
PROV744;Annuiaear;Annuiaear;;;Annuiaear;;x
PROV745;Annuiaear;Annuiaear;;;Annuiaear;;x
PROV746;Haradaear;Haradaear;;;Haradaear;;x
PROV747;Haradaear;Haradaear;;;Haradaear;;x
PROV748;Haradaear;Haradaear;;;Haradaear;;x
PROV749;Haradaear;Haradaear;;;Haradaear;;x
PROV750;Nenuial;Nenuial;;;Nenuial;;x
PROV751;Long Lake;Long-Lac;;;Lagolungo;;x
PROV752;Sea of Núrnen;Mer de Núrnen;;;Mare di Núrnen;;x
PROV753;Sea of Rhûn;Mer de Rhûn;;;Mare di Rhûn;;x
PROV754;Celon Talsir;Celon Talsir;;;Celon Talsir;;x
PROV755;Celon Argond;Celon Argond;;;Celon Argond;;x
PROV756;Entamundo;Entamundo;;;Entamundo;;x
PROV757;Celon Tharbad;Celon Tharbad;;;Celon Tharbad;;x
PROV758;Ethir Anduin;Ethir Anduin;;;Ethir Anduin;;x
PROV759;Celon Pelargir;Celon Pelargir;;;Celon Pelargir;;x
PROV760;Celon Elemir;Celon Elemir;;;Celon Elemir;;x
PROV761;Channel of Osgiliath;Canal d'Osgiliath;;;Canale d'Osgiliath;;x
PROV762;Lagoon of Cair Andros;Lagon de Cair Andros;;;Laguna di Cair Andros;;x
PROV763;Celonharpen;Celonharpen;;;Celonharpen;;x
PROV764;Celon Arandal;Celon Arandal;;;Celon Arandal;;x
PROV765;Nen Hithoel;Nen Hithoel;;;Nen Hithoel;;x
PROV766;Celon Muil;Celon Muil;;;Celon Muil;;x
PROV767;Sarn Gebir;Sarn Gebir;;;Sarn Gebir;;x
PROV768;Celon Firnen;Celon Firnen;;;Celon Firnen;;x
PROV769;Celon Celebrant;Celon Celebrant;;;Celon Celebrant;;x
PROV770;Nancelon;Nancelon;;;Nancelon;;x
PROV771;Celonin;Celonin;;;Celonin;;x
PROV772;Gladden;Gladden;;;Gladden;;x
PROV773;Carrock Channel;Canal du Carrock;;;Canale della Carroccia;;x
PROV774;Celonanduin;Celonanduin;;;Celonanduin;;x
PROV776;Nan Laeglin;Nan Laeglin;;;Nan Laeglin;;x
PROV777;Fordirith;Fordirith;;;Fordirith;;x
PROV778;Celduin;Celduin;;;Celduin;;x
PROV779;Celduin;Celduin;;;Celduin;;x
PROV780;Celduin;Celduin;;;Celduin;;x
PROV781;Celduin;Celduin;;;Celduin;;x
PROV782;Celduin;Celduin;;;Celduin;;x
PROV783;Gothol-zigil;Gothol-zigil;;;Gothol-zigil;;x
PROV784;Tol Fuin;Tol Fuin;;;Tol Fuin;;x
PROV785;Gondobar;Gondobar;;;Gondobar;;x
PROV786;Tol Morwen;Tol Morwen;;;Tol Morwen;;x
PROV787;Morwenaer;Morwenaer;;;Morwenaer;;x
PROV788;Gondobaer;Gondobaer;;;Gondobaer;;x
PROV789;Dunhaear;Dunhaear;;;Dunhaear;;x
PROV790;Haradaer;Haradaer;;;Haradaer;;x
PROV791;Belegaer;Belegaer;;;Belegaer;;x
PROV792;Belegaer;Belegaer;;;Belegaer;;x
PROV793;Belegaer;Belegaer;;;Belegaer;;x
PROV794;Belegaer;Belegaer;;;Belegaer;;x
PROV795;Meneltafornear;Meneltafornear;;;Meneltafornear;;x
PROV796;Meneltarmear;Meneltarmear;;;Meneltarmear;;x
PROV797;Meneltarma;Meneltarma;;;Meneltarma;;x
PROV798;Forovirkain;Forovirkain;;;Forovirkain;;x
PROV799;Lókosin;Lókosin;;;Lókosin;;x
PROV800;Helkasiril;Helkasiril;;;Helkasiril;;x
PROV801;Eithel Ninglor;Eithel Ninglor;;;Eithel Ninglor;;x
PROV802;Rasroval;Rasroval;;;Rasroval;;x
PROV803;Aeglir Tongondren;Aeglir Tongondren;;;Aeglir Tongondren;;x
PROV804;Imlad Thoron;Imlad Thoron;;;Imlad Thoron;;x
PROV805;Mount Gram;Mont Gram;;;Mount Gram;;x
PROV806;Gundalók;Gundalók;;;Gundalók;;x
PROV807;Dunhîth;Dunhîth;;;Dunhîth;;x
PROV808;Rhûnwaith;Rhûnwaith;;;Rhûnwaith;;x
PROV809;Upper Forodwaith;Upper Forodwaith;;;Upper Forodwaith;;x
PROV810;Upper Rhûnwaith;Upper Rhûnwaith;;;Upper Rhûnwaith;;x
PROV811;Lôni;Lôni;;;Lôni;;x
PROV812;Fengûr;Fengûr;;;Fengûr;;x
